#Probes are connected, not anchored
#Generated on Thu, 26 Feb 2015 14:51:36 CET 
#ASN: Count of connected probes: List of connected probes
7922:313:190,281,394,595,801,1046,1053,1116,1119,1123,1131,1133,1142,1145,1158,1184,1185,1186,1194,2285,2297,2361,2529,2567,2685,2769,2836,2874,3103,3410,3481,3503,3523,3540,3574,3579,3600,3644,3649,3650,3656,3658,3663,3666,3678,3685,3753,3770,3964,4111,4148,4279,4542,4849,4894,4936,4938,4970,10007,10099,10133,10138,10146,10165,10204,10284,10286,10301,10318,10322,10324,10328,10333,10337,10339,10350,10355,10356,10357,10360,10381,10386,10400,10432,10458,10459,10473,10478,10482,10484,10485,10486,10490,10491,10515,10517,10540,10543,10544,10545,10547,10551,10553,10554,10556,10559,10560,10561,10565,10568,10576,10577,10583,10584,10585,10586,10587,10595,10597,10598,10599,10626,10637,10692,10693,10743,10747,10751,10790,10800,10815,10884,11250,11500,11513,11536,11765,11812,11842,11857,11985,11989,12012,12016,12060,12144,12166,12180,12185,12215,12249,12299,12452,12504,12517,12518,12533,12546,12565,12568,12579,12608,12609,12611,12620,12621,12622,12649,12652,12653,12655,12668,12671,12673,12677,12679,12681,12684,12685,12686,12688,12696,12721,12728,12788,12853,12879,12908,12920,12984,13120,13131,13159,13191,13196,13253,13266,13328,13426,13547,13561,13639,13641,13651,13654,13666,13671,13676,13681,13717,14097,14164,14166,14227,14233,14242,14277,14305,14324,14365,14367,14503,14583,14606,14657,14673,14729,14747,14748,14777,14796,14855,14856,15038,15061,15133,15172,15550,15605,15617,15619,15644,15661,15718,15967,16024,16050,16053,16072,16155,16163,16198,16785,16862,16909,16953,16970,17423,17483,17492,17634,17761,17929,17946,18269,18275,18414,18424,18452,18552,18667,18792,19214,19252,19284,19383,19412,19433,19500,19518,19599,19905,19912,19946,19966,19991,20054,20105,20453,20569,20603,20639,20655,20684,20689,20730,20734,20739,20781,20791,20871,21028,21030,21074,21152,21190,22190,22199,22630,22709,22731,22736,13826
12322:242:41,350,439,572,599,785,790,811,824,836,904,976,1226,1268,1322,1461,1489,2036,2163,2197,2341,2442,2451,2452,2474,2486,2511,2521,2571,2587,2623,2629,2656,2755,2848,3282,4004,4022,4045,4076,4141,4264,4266,4299,4469,10026,10267,10645,10673,10816,10923,10952,11022,11243,11632,11768,11790,11828,12042,12099,12360,12392,12438,12800,12919,12979,13209,13230,13317,13407,13439,13696,13847,14037,14039,14049,14311,14342,14373,15126,15164,15734,15765,15843,15852,15893,15973,15977,16007,16047,16117,16146,16644,16645,16661,16670,16703,16704,16717,16801,16806,16809,16813,16815,16818,16823,16833,16858,16869,16880,16881,16905,16907,16918,16919,16929,16959,16967,16973,16978,16981,16982,16991,16996,16998,17024,17025,17032,17035,17039,17040,17045,17056,17059,17063,17064,17070,17072,17086,17093,17104,17106,17108,17109,17110,17115,17121,17127,17129,17130,17131,17140,17143,17147,17148,17158,17160,17161,17162,17166,17167,17168,17171,17174,17175,17179,17189,17200,17202,17208,17209,17214,17216,17217,17220,17221,17225,17228,17230,17245,17253,17263,17273,17276,17300,17302,17327,17348,17384,17387,17389,17393,17525,17566,17569,17570,17632,17848,17915,18316,18336,18429,18548,18572,18685,19256,19344,19611,19623,19671,19814,19818,19852,19870,19941,19981,20020,20210,20235,20291,20295,20514,20521,20566,20594,21287,21394,21438,21494,21507,21517,21587,21596,22011,22142,22170,22185,22429,22454,22480,16020,17207
6830:233:1,6,16,18,21,26,34,36,94,191,246,293,363,549,693,725,783,851,938,1351,1381,1392,1397,1490,2027,2029,2114,2225,2293,2314,2352,2353,2357,2371,2374,2387,2425,2489,2491,2515,2527,2581,2597,2743,2845,2873,2905,2930,2951,2954,2961,2977,3027,3045,3065,3104,3108,3113,3130,3135,3184,3331,3395,3411,3422,3476,3668,3776,3942,4094,4101,4169,4192,4225,4242,4320,4335,4414,4484,4501,4553,4560,4609,4856,4925,4947,10001,10010,10029,10037,10041,10195,10222,10615,10656,10749,10819,10858,10890,11232,11394,11433,11451,11535,11642,11643,11647,11824,12084,12173,12224,12244,12265,12306,12343,12454,12844,12898,13149,13177,13291,13370,13603,13604,13635,13919,13933,13980,14122,14232,14301,14320,14346,14364,14619,14640,14642,14653,14678,14743,14785,14924,15088,15189,15321,15420,15476,15627,15666,15721,15748,15851,15861,16061,16063,16070,16101,16137,16141,16168,16169,16254,16387,16696,16718,16741,16751,16773,17102,17229,17246,17383,17388,17491,17497,17715,17778,17825,17950,17953,17959,17968,18277,18328,18358,18401,18407,18410,18433,18446,18521,18605,18678,18745,19234,19258,19293,19301,19413,19416,19456,19782,19786,19880,19902,19923,19927,20120,20127,20170,20236,20256,20478,20491,20511,20770,21359,21504,21513,21598,22006,22027,22077,22093,22102,22110,22163,22195,22424,22456,22482,22573,22591
3320:190:46,84,277,326,402,436,706,822,860,873,905,975,989,1280,1343,1359,1405,1477,1482,1497,2011,2041,2042,2049,2057,2068,2097,2146,2147,2150,2153,2227,2237,2246,2272,2310,2322,2326,2332,2383,2400,2453,2465,2470,2536,2650,2659,2730,2739,2767,2777,2780,2800,2867,2877,2947,2949,2960,3011,3068,3146,3156,3162,3165,3186,3208,3294,3414,3559,3906,4054,4182,4223,4243,4250,4259,4260,4332,4362,4413,4454,4463,4482,4531,4533,4591,4653,4718,4737,4879,10031,10250,10755,10811,10826,10892,10920,10978,11059,11069,11075,11194,11334,11819,11909,11974,12026,12111,12118,12177,12225,12239,12264,12298,12325,12332,13106,13134,13201,13302,13314,13415,13431,13573,13618,13662,13950,13955,14149,14216,14248,14250,14315,14332,14359,14525,14529,14618,14660,14694,14719,14752,14803,15137,15143,15146,15622,15779,15824,15864,15921,16064,16079,16082,16126,16136,16266,16297,16304,16317,16503,16505,16517,16667,16693,16893,16894,17203,17252,17521,17542,17799,18393,18781,19341,19450,19632,19633,19861,20049,20118,20590,20808,21321,21502,21555,22055,22123,22127,22156
3215:124:66,197,838,845,2062,2069,2093,2106,2156,2181,2186,2273,2409,2460,2537,2783,3012,3038,3087,3291,3351,3577,4621,11720,11950,12014,12037,12329,12472,13319,13467,13548,13759,13859,14040,15096,15641,15655,15685,15804,15941,16015,16083,16161,16509,16713,16800,16836,16840,16859,16861,16879,16915,16917,16923,16937,16948,16987,16993,16994,17018,17027,17042,17047,17049,17058,17060,17065,17069,17074,17076,17078,17099,17105,17123,17124,17132,17136,17141,17145,17149,17155,17204,17212,17224,17236,17239,17259,17262,17265,17328,17543,17568,17597,17700,17786,17920,17956,17994,19366,19419,19451,19585,19609,19653,19934,19937,19944,20023,20074,20225,20226,20246,20376,20624,20629,20751,21347,21369,21540,21565,22065,22083,22117
9143:83:7,28,438,999,1213,1347,2047,2192,2315,2321,2385,2462,2463,2471,2523,2611,3081,3124,3144,3170,3254,3379,3420,3494,3555,3647,3967,3987,4293,4321,4357,4503,4544,4745,4960,10016,10077,10101,10273,11035,11208,11521,11533,11849,11870,11917,12196,12341,13045,13308,13476,13538,13649,14118,14256,14648,15011,15036,15044,15107,15698,15703,15774,16259,16272,16290,16812,16822,16846,16961,17297,17766,17866,17948,17984,18418,18602,19855,20168,20180,20195,20326,20804
3265:82:3,4,5,8,13,20,27,38,42,157,429,443,475,1332,1334,1423,2020,2048,2561,2565,2797,3039,3264,3274,3278,3286,3488,3511,3549,4137,4170,4186,4201,4367,4600,4605,4783,4860,10003,10005,10006,10012,10013,10015,10022,10782,11144,11220,11540,11671,11854,11963,12258,12263,13358,13496,14025,14616,14676,15093,15109,15132,15198,15389,15596,15700,15753,15761,15767,15797,16802,16803,16904,16984,17248,17283,19312,19700,19945,20278,20324,22344
2856:76:65,828,856,928,1157,1365,2122,2130,2317,2481,2680,2746,2805,2958,3369,3446,3687,4057,4145,4275,4874,10027,10045,10048,10481,11036,11610,11983,11997,12234,12238,12482,12486,12775,12929,13275,13414,13484,13580,13830,14266,14274,14285,14351,14370,14579,14613,14631,14761,14880,14989,15149,15258,15344,15648,15682,15717,15785,15834,16018,16112,16154,16312,16651,16877,16926,17928,17954,18214,18264,18397,18620,19685,20579,22186,22519
701:74:75,442,1127,1179,1193,1198,2402,2787,3686,3715,3737,3756,3762,3767,3774,4405,4549,4829,10039,10310,10371,10378,10399,10402,10427,10462,10694,10727,10731,10874,11010,11550,11892,11911,12116,12119,12155,12297,12303,12459,12695,12768,12802,13128,13249,13667,13688,13694,13838,14237,14340,14861,15387,15749,15932,15976,16068,16071,16165,16621,17359,17403,17410,17656,17914,18583,19273,19415,19950,19955,20418,20486,20580,13318
5089:73:283,465,862,1207,1302,1314,1375,1395,2519,2550,2555,2694,2708,2826,2908,2909,3093,3951,3999,4021,4040,4289,10089,10142,10514,10620,11174,11179,11280,11461,11807,11813,12049,12317,12364,12479,12755,13199,13335,13686,13706,14008,14137,14205,14207,14208,14281,14322,14415,14463,14555,14611,14674,14775,14934,15067,15745,16116,16144,16289,16804,17392,17494,17637,17800,19866,20510,21461,22439,22475,22508,22575,14941
5432:67:45,149,229,2355,2420,2554,3205,3975,4622,4629,4982,10961,10998,11118,11188,11189,11323,11367,11484,11576,11663,11703,11710,11833,11835,12200,12237,12865,13220,13371,13615,13798,13928,14084,14197,14308,14389,14725,14986,15019,15179,15754,16276,16281,16957,17079,17338,17386,17390,17394,17934,18301,18360,18380,18617,19251,19486,19703,19801,19873,20463,20585,20748,21578,22039,22425,22457
20825:60:164,211,325,916,1206,1313,1330,1338,2007,2115,2196,2206,2478,2572,2594,2736,3962,4174,4297,4407,4420,4434,4513,4572,4578,4943,10188,11057,11158,11299,12117,12501,13451,13455,13677,13998,14068,14073,14160,14261,14294,14344,14784,15184,15637,15791,15812,15815,16188,16265,16268,16510,16557,17335,18338,18690,21339,21385,22427,22455
15557:60:485,511,573,1507,2071,2472,2522,2689,3520,3699,4108,4157,12439,12910,13018,13039,13040,13497,13924,14218,14898,15647,15699,15795,15820,16081,16093,16179,16710,16871,16874,16901,16974,16992,16997,17030,17036,17044,17046,17055,17082,17091,17146,17150,17153,17157,17159,17243,17256,17375,17439,17588,18517,19762,20146,20203,21543,21567,22171,22428
6848:59:2671,2678,2683,3110,10227,10733,10860,11162,11200,11272,11403,11499,11523,11525,11571,11573,11577,11578,11587,11633,11667,11678,11738,11900,11939,12009,12151,12266,12382,12703,12736,12796,13242,13612,13630,13665,13680,13715,13745,14167,14297,14378,14647,14822,14916,14923,14983,14985,15018,15241,15624,15828,16049,16295,18460,19352,20103,20189,22043
31334:57:61,67,270,316,901,910,1336,1378,1419,1485,2267,2301,2354,2430,2506,2569,2615,2662,2699,2702,2728,2920,3142,3961,4008,4150,4258,4512,4709,10281,10885,11106,11863,11905,12029,13071,13079,13541,14079,14507,14596,14599,14620,15087,15114,15199,15714,16076,16095,16329,17291,18470,18587,19889,20199,20779,14201
20712:51:55,314,371,825,1291,1425,1446,2030,2073,2138,2177,2263,2343,2418,2437,2502,2535,2651,2657,2681,2693,2722,3326,3505,3513,3590,3916,4376,10098,12378,12847,13085,13091,13434,13435,13599,13900,14062,14107,14530,14545,14727,14791,15658,15663,15826,16928,18284,18314,18402,10102
21502:46:591,986,1406,1428,4772,10181,10223,11556,11729,11730,12032,12449,12892,13092,13322,13631,15747,15756,16089,16819,16834,17020,17023,17054,17066,17067,17080,17089,17092,17113,17126,17163,17185,17254,17255,17289,17868,18549,18915,19332,19867,19883,20034,20198,20619,21536
35540:45:508,1216,1263,1459,2086,2553,2932,3546,10982,11105,11357,11722,11841,12020,12313,12474,12760,12774,13307,14481,14520,14630,14740,15009,15801,15832,15896,16052,16118,16910,17026,17029,17098,17133,17134,17144,17196,17211,17238,17373,17555,17564,18595,19872,20360
7018:40:85,1196,3444,3525,3645,3660,3669,3760,10331,10422,10424,10542,10578,10770,11171,11203,11976,12108,12146,12447,13283,13834,13937,14114,14641,14700,15042,15045,15683,15743,15999,16110,16488,16845,17797,17822,18438,18512,19636,23074
3269:38:447,781,936,974,1363,2630,4228,13659,13902,14134,14744,14780,15155,15165,15355,15458,15668,15878,15985,16013,16330,16350,17593,19422,19815,19847,19848,20187,21468,21472,21516,21564,22003,22074,22080,22135,22173,22564
3209:37:257,480,1352,2144,2168,2364,2715,2752,2934,3017,3373,4072,4135,4217,4286,4328,4341,4446,10251,10678,11210,11296,11421,11815,12038,12096,15853,16501,16504,16506,16519,16583,16747,16921,18290,21449,21568
3292:36:88,134,298,308,574,624,627,691,763,776,984,2449,2775,2778,3269,4703,4752,4978,10955,11293,11806,12126,12336,12729,12753,14087,14209,14307,14379,14684,15105,15829,16108,18379,20484,22022
20001:33:32,1165,1178,2289,3521,3915,10185,10546,11814,12134,12154,12735,14249,14284,14288,14362,15039,15060,15078,15111,15222,15224,15227,15236,15958,16065,16949,17329,18657,20184,22710,22717,21033
4739:33:33,212,1001,1002,1009,1016,1035,1044,1104,1112,2592,2841,4433,11504,12113,12326,12372,12406,12410,12418,12421,12422,12985,14698,15102,15799,15882,16887,16891,19917,20253,20825,12363
8402:29:3639,3763,3780,3825,3851,3869,3886,3891,4232,4372,4383,4854,4896,4954,11098,11164,11716,12582,12887,13903,13986,14723,14730,15706,16388,17679,17716,18906,20223
2119:28:40,69,383,755,807,1245,1503,2079,2351,3918,4813,4842,11903,12333,12834,12876,12923,13399,14746,15104,15582,16787,16820,17326,18403,20286,20743,20767
3303:28:60,63,956,1433,1501,2735,3352,3679,4161,4423,10767,11108,12218,13188,13400,14211,15215,15250,15757,16674,17395,18835,19511,20437,21521,22051,22108,22147
680:29:555,919,2066,2275,2379,2579,3043,3203,3680,4270,4347,4391,4476,11185,13086,13238,13477,13994,14111,14377,14528,14614,15633,15874,16502,16545,17314,19605,3157
5607:27:991,1225,2132,3239,3624,4102,13420,13891,14051,14375,14440,14896,14918,15055,15651,15667,15690,16033,16121,16130,16374,16908,16945,17511,17551,17990,21526
786:28:102,818,1228,1394,3561,3661,11551,11802,12356,14210,14548,15016,17548,17608,18655,18659,18665,18735,19220,20289,20400,20432,20479,20599,21505,22674,15725,20490
12874:26:376,712,1272,1447,2751,3033,4107,10941,12773,13433,14602,15049,15089,15173,15654,15913,16264,16303,16318,17978,18624,19532,19922,20072,20230,22012
5410:26:11122,12292,12829,13206,15602,16091,16832,16924,16956,16972,17073,17075,17128,17181,17193,17274,17330,19856,19879,20175,20233,21392,21534,22116,22172,22549
5645:26:1126,3603,3790,11009,11204,11209,11792,14783,15050,15106,15156,15609,15995,16113,16837,17444,17796,17922,18322,18684,19494,19787,19985,20186,20833,11506
22773:25:24,125,1102,3681,10423,10564,11750,12100,12105,12320,13222,13397,16182,16237,16865,16900,18354,19270,19334,19761,19785,19919,19954,19963,20222
6871:25:91,95,802,2373,2520,2525,3102,3147,3210,13441,14156,14275,14391,14468,14543,14576,14627,14639,15150,15168,15919,16012,17894,17955,19533
3352:24:341,660,715,2023,2492,3471,3712,3785,10063,10237,10268,10939,12153,12170,13878,14782,14814,14835,15082,15118,15618,15674,16164,17232
5610:22:2195,2369,2413,15041,15043,15048,15057,15069,16029,16715,16827,18683,18696,18765,19242,19654,20551,20556,20588,20598,21497,22194
18106:21:14076,14085,14183,14184,14200,14202,14327,14396,14622,14623,14626,15092,15097,15931,15984,16085,18761,18784,19642,19721,19970
29562:21:81,2653,3051,3207,3333,3606,4033,4215,4285,4287,4435,4570,11656,11937,13193,13647,14789,17028,20008,21415,22010
16086:21:182,603,1393,2363,3400,3495,3862,3920,10209,11761,11809,11923,12902,13350,15444,15551,15636,15769,20161,20782,20823
42610:20:168,1350,3711,3811,3821,3871,3872,3881,3889,3894,3895,3945,11335,11341,11456,11715,12591,17631,17744,20473
20115:20:103,4551,10343,10555,11582,11787,12140,12318,12330,12380,12693,12842,12999,13831,14090,14226,15086,15750,17963,22070
13037:20:328,570,852,2016,2104,3425,10108,11914,11935,11999,12943,13062,13077,14271,14544,14569,15686,15845,16021,16294
38229:20:18643,18645,18648,18716,18719,18726,18727,18729,18731,18732,18733,18772,18790,18794,20410,20417,20420,20421,20477,22617
1853:19:414,589,656,2886,3046,3111,3118,3119,3132,3134,3138,11110,11140,11163,11237,11254,12722,13542,13562
1103:18:174,631,2133,2296,2980,3161,3248,4717,10020,10984,11698,11699,14072,17616,17998,18464,19774,22407
13184:18:1462,2024,2075,3128,3150,3187,3537,3933,4351,4858,10090,13049,14091,14504,17488,18635,20369,22115
9198:18:4324,4485,10082,10821,10932,15664,17628,18479,19297,19497,19730,19779,20021,20040,20111,20231,20311,20321
6739:18:334,575,10072,11906,11948,12886,13194,13633,13747,13879,14842,14866,15632,16623,18292,18670,19286,20711
8473:17:118,744,846,2183,2455,2588,2692,2924,3321,11090,13060,15171,15614,16000,19472,20037,20051
3301:17:154,285,361,373,2094,2324,3465,10748,11472,11603,12871,13818,14014,18312,18465,19462,22174
3741:17:242,473,3443,10967,12205,12207,12465,13709,13710,13804,13805,13806,13810,14316,16461,18131,18195
6805:17:159,382,854,896,968,1483,4616,4648,11936,13430,14369,14502,14635,15073,16149,16286,17250
577:16:10412,11876,12895,13116,13244,13356,17445,17583,17636,18750,19568,19602,19741,19797,20500,20628
3243:16:711,722,803,855,1285,2338,3169,3598,4194,10910,12162,16054,17815,18405,19732,21550
12392:16:12864,13280,13656,13892,14745,15806,17294,18233,18289,18396,19476,19519,19792,20036,21579,21595
20845:16:282,3213,3276,3304,3336,3368,4257,4543,4921,10056,10093,11358,11696,13595,16626,17974
852:16:2829,3704,10441,11967,15072,15385,16129,17830,17845,17857,18432,18437,19577,20030,20519,20522
5466:16:3966,10065,11260,18225,18345,18363,19759,20028,20204,20554,20608,20658,20977,21310,21328,21553
8737:15:318,3148,4750,10611,10795,12311,13155,13851,14658,15099,16668,16980,19694,20302,20680
719:15:166,513,1384,3001,3510,4447,11170,11968,12065,13592,13867,14572,20102,20205,20413
1241:15:3115,3126,3242,12635,12751,12762,12827,12937,12990,13378,16051,17311,18087,19660,22106
10796:15:78,468,11529,12135,12331,12651,12692,13259,13499,13682,14064,14078,14102,19200,22619
12714:15:3553,3757,3782,3801,3818,3880,3888,4308,4889,11020,11992,12066,15030,16311,17768
12715:15:632,2001,2595,11916,11940,11958,13337,13381,15085,18538,18632,19616,20136,20395,20741
5617:15:4105,4198,4207,4290,13931,15370,15708,16302,16725,16736,16842,17571,17793,19646,19793
6799:15:392,2582,3028,3340,11522,12792,12976,12980,13037,13351,17195,17798,18340,18362,20872
11426:14:2427,2433,2865,3690,4945,10312,11795,11797,12143,14794,15035,15079,15684,22620
3333:14:9,14,15,237,6012,6018,10105,10106,14004,14013,14020,14024,14026,15027
28573:14:10349,12811,13787,15625,15877,16234,16544,17379,17455,17606,19693,20653,20768,20773
6327:14:1115,1137,4181,4326,4568,14361,16107,17324,17840,17860,17908,19411,19894,20069
15943:14:1312,3289,3297,3315,3392,3406,3593,11662,14675,15024,15945,16147,17249,18313
8228:13:1382,2539,4806,13203,13486,16662,16999,17083,17096,17240,17374,17398,22182
209:13:304,3671,10334,10456,13213,13419,16470,17382,17550,17980,19340,19429,21003
25229:13:502,653,2480,2975,2986,3963,4208,4329,4477,12017,12078,12666,12851
9031:13:587,810,2101,3238,4525,10850,11434,11957,14677,14910,17396,20498,20596
36692:13:11616,13146,13506,13514,13518,13520,13521,13526,13531,13536,13566,13572,13585
6128:13:1189,3620,4635,11996,12315,13396,16103,18212,18951,19582,19915,19952,22723
8422:12:765,4212,4240,4526,4593,11176,12034,12211,13138,15809,15940,19267
8612:12:10993,14774,14917,14965,15159,15162,18350,20440,21362,21537,22150,22555
1267:12:650,912,1441,2051,3931,14837,15095,16324,16343,21368,21400,22545
2497:13:234,2283,2299,3405,3457,3491,4722,11267,12810,13539,14115,14360,13819
35612:12:861,1240,3188,3267,11660,14279,14686,14695,15098,16185,17533,20662
11351:12:3665,10377,10498,10714,12334,12739,14092,14253,15056,15760,15778,18786
13030:12:250,452,2021,3151,10756,10757,12998,13080,18297,22023,22105,22107
6661:12:3225,3345,3474,12807,13005,13066,15608,19328,19331,19471,20736,20995
15895:12:1286,3992,4012,4100,4837,4861,12770,14610,15837,16027,19587,22692
174:11:752,2503,4869,10488,14787,16207,16599,16914,19253,19437,20778
8447:11:202,466,924,930,2822,4491,13954,14204,14864,16600,18466
3491:11:12942,14912,14928,14936,14968,14969,14970,14971,16677,17557,17560
44869:11:702,786,4550,4866,11289,12104,12131,13032,13297,14920,16257
20676:11:404,2417,2444,3288,4344,4563,4575,4579,14728,19468,22126
29695:12:153,437,797,842,2667,2976,11568,13489,15077,15928,16769,20299
46375:11:1188,3651,12226,12294,12710,12925,16641,19246,20431,20548,20740
5483:11:1387,2469,11593,11746,13823,13846,15938,16611,16612,18392,20193
31012:11:10886,11375,11649,12370,12445,13327,14278,14669,15737,16224,16366
378:11:16933,17832,17846,17847,17855,17875,17879,17893,17895,20766,17856
8708:10:2198,2422,2596,2981,3749,4637,4760,12933,14270,22504
8767:10:735,1372,2179,2208,3301,12707,12941,13488,13624,15154
12844:10:1403,2987,3172,12328,13284,16944,16971,17051,17180,18240
6057:10:863,927,1117,4113,10202,12160,15992,17826,18473,21136
137:9:249,355,431,2639,12120,12995,13480,15311,18609
25596:9:529,4052,4273,4283,4669,4680,11608,13316,14100
1955:9:764,2131,2336,3211,3245,3742,3747,17604,17610
2116:9:622,778,900,2859,3307,3319,4713,13028,17673
35141:9:72,2602,4556,10092,11581,16339,16404,16565,16857
2514:9:13289,14199,14843,15645,15790,17602,18286,20100,21127
12353:9:918,972,2117,2376,12023,14709,19862,21404,22112
12871:9:667,3070,3153,12189,13135,14705,15091,15793,19679
29314:9:4139,4460,10034,13408,14877,16671,20584,21474,22178
4788:9:12955,12967,13011,13051,13691,14067,16236,16238,17425
4804:9:1000,1068,1075,1318,2823,3781,10200,18477,23441
5615:9:2,1374,4636,4823,10951,12223,12282,13432,22583
5650:9:4602,4969,10390,10397,14066,17482,19482,19911,20282
18881:9:10866,13600,13718,14065,15862,16006,16548,16821,19424
16637:9:4153,12467,12968,13231,13716,13746,14384,16421,17933
8251:8:2173,3263,16701,16706,18566,18586,20438,20713
25248:8:10647,17930,18607,18756,18766,19228,19733,22500
9105:8:1048,4422,11742,12025,14668,15094,15158,18447
1273:8:1442,10501,10502,10506,10507,10509,10510,15838
9506:8:3191,4124,14075,14220,15934,19704,19989,20526
1764:8:357,578,792,2804,11605,14946,16135,19702
2611:8:719,12076,15001,15817,16256,20003,21508,22138
12741:8:3085,4104,4245,4480,4746,15643,15792,15798
3329:8:268,1367,2366,4256,12891,15588,15827,17323
13188:8:289,3977,11818,12560,13410,13743,16048,16897
22047:8:1154,2712,10661,11257,12289,12854,18357,21181
5769:8:10314,17304,17413,18203,19324,20488,20543,21520
31042:8:113,1344,1357,2815,18130,18165,18613,22467
6866:8:3008,3214,4159,4881,10968,13074,21348,22025
39651:8:869,2583,12922,13987,14926,20106,20129,22155
31514:8:3717,3812,3838,3842,3896,13251,17306,17689
15435:8:322,2407,3594,15147,16868,16955,19695,22524
23655:8:2570,3703,11752,12403,12754,14884,16669,22755
8346:7:239,11383,14493,15310,15345,15347,15361
8359:7:241,401,1227,3636,4791,16046,17625
8426:7:353,640,2894,11211,13730,18386,20398
8468:7:806,817,10643,15786,15787,20405,20538
559:7:1443,2973,13425,13835,13855,15119,20016
8997:7:343,1217,4465,4555,10990,13917,15849
34245:7:127,456,4253,10847,14223,19467,21374
1741:7:808,2070,10638,10644,10688,10696,20022
2018:7:3461,4518,13285,13711,13811,16964,20427
2200:7:2226,2333,2518,2566,16989,19295,22096
10474:7:449,3454,12956,14500,15348,16472,19390
3216:7:2160,3396,4000,11443,12873,17666,21493
8866:7:16209,16245,16349,16354,16372,16399,21443
12414:7:107,12451,16247,16298,16839,16847,16855
12513:7:105,209,3159,12277,12359,14585,20780
12542:7:978,2234,2256,3131,3178,4219,16100
29208:7:754,2308,2903,3013,13763,20350,22585
4713:7:3487,12782,13227,13388,13945,14045,21175
29355:7:813,2249,2250,2345,2346,3332,3372
13127:7:4024,4658,4719,4724,14229,14913,20368
29518:7:2059,11585,13988,14154,16037,20035,20383
5391:7:655,14061,16299,20776,21594,22168,22193
5588:7:2533,2901,11149,13652,20153,20560,20576
6079:7:2549,10562,12443,14129,14781,17943,19931
31027:7:841,937,980,2562,11962,13392,19820
39554:7:302,2673,14380,15709,17317,20191,22488
15502:7:15771,16930,18283,18342,18399,19637,20783
39608:6:2040,10246,11282,11794,16333,18841
24923:6:727,733,1210,1241,1257,14608
33363:6:1149,4417,10602,10704,15032,16005
766:6:199,405,2406,4048,10177,13896
9121:6:412,11555,12176,17524,19863,20019
1221:6:689,1031,1051,3021,3948,12327
41164:7:2306,2753,4743,10938,14130,18051,121
43205:6:4528,11371,16347,16357,17318,22484
2852:6:122,218,4062,16732,16742,19678
35807:6:4026,4862,11374,11442,15776,20607
11232:6:4334,11689,11883,14132,15723,16010
11427:6:12167,12926,15034,15542,18372,18561
1759:6:450,11758,14536,14570,17903,18478
4323:6:1114,10125,16008,17805,19259,19556
20764:6:3635,3637,3667,11453,15918,15968
21021:6:651,2405,4222,12101,15196,16574
4685:6:11287,11982,13229,14806,15691,20352
13110:6:15788,17223,17962,18215,20366,20738
13124:6:601,3074,4583,14291,16328,16401
13285:6:297,10940,13601,14670,17580,18318
6730:6:1304,2241,3831,12071,12888,13444
6939:6:400,426,1029,14846,15308,20322
31200:6:4358,4453,10238,10869,13910,17738
7545:6:4702,12302,12423,12424,12430,12894
812:6:12127,12545,13112,13946,16939,20273
40788:6:11864,12124,14354,15053,15933,19666
16246:6:11384,13273,18444,18570,18939,20528
30036:6:12156,13551,15922,18252,18741,21013
57356:5:12473,12492,14532,14533,14534
8365:5:503,2052,10864,13643,15710
224:5:3924,17643,17644,17671,20018
8437:5:2050,4330,13843,15936,18606
36937:5:4075,11113,16438,18112,18254
553:5:2305,2809,2818,11463,20060
25513:5:3854,11429,11622,17692,17698
33874:5:18639,18769,18782,19223,20460
33885:5:2866,3968,17918,19651,20667
34594:5:1235,1283,10068,10213,13454
10143:5:1041,2171,2546,10266,12437
34779:5:1323,12977,13738,19825,22007
34984:5:17887,18045,19728,20099,20666
35244:5:2632,4401,4419,4448,15630
2516:5:2891,3450,3459,17312,20746
2527:5:2898,3249,3709,12209,14268
43561:5:4539,4564,18588,19738,19790
2602:5:269,686,13008,18000,20301
2609:5:504,3339,3347,12757,20392
51873:5:15141,15205,15217,15233,16323
36351:5:10640,10674,10675,10676,10677
4771:5:74,4778,10929,17594,22769
12271:5:1134,4412,4676,12067,14874
28683:5:10212,13145,14419,14490,15946
4181:5:1136,10406,10413,12863,19907
36958:5:470,14977,14980,14982,14997
12670:5:553,12778,15727,16986,20661
20880:5:933,3206,11990,17540,17579
29321:5:3441,3467,10047,17863,19665
4766:5:16456,18699,19277,20407,20822
4768:5:1018,10650,10658,11744,22645
4773:5:13608,14350,16060,19554,19961
21175:5:736,955,2825,3538,3575
21219:5:3775,4506,4831,14290,20148
21246:5:1237,10176,17298,17331,17350
5603:5:419,422,2067,2940,10124
25512:5:1275,1303,13975,19226,21323
31078:5:1317,1415,2078,2798,14219
31246:5:2265,4118,4916,13494,22578
6752:5:14206,18326,18576,18759,20063
39544:5:19579,20656,20669,20843,20852
6855:5:2164,16152,18111,20303,22131
39647:5:2015,2416,12081,13495,16284
31549:5:2090,13179,13908,13938,13991
56300:5:14171,14215,14772,14776,16041
15547:5:15615,17376,17399,17814,21344
15598:5:259,274,4374,13981,17050
23889:5:4041,13886,18771,19414,20177
32107:5:4851,17587,20283,21023,22653
7657:5:12419,13642,15074,16186,17496
32440:5:10311,10336,10382,10495,11804
16347:5:644,14136,17095,17138,18344
24398:5:11843,11947,12036,12171,12793
327687:4:14539,14541,14900,15357
8220:4:2448,11630,12125,12750
41090:4:12015,12018,12074,12082
8334:4:2165,3798,4086,17717
49463:4:2833,3140,3204,4214
24955:4:4496,11033,11836,11869
8607:4:320,15026,17085,18421
49800:4:593,10717,10718,12503
9008:4:3456,13596,13911,17924
33588:4:4840,19957,20756,21031
5602:5:14016,16975,19362,20745,19354
25543:4:2601,15270,15942,20404
9199:4:18032,18076,18098,18988
9269:4:1003,14511,20450,20485
1403:4:14385,15972,17966,19491
17676:4:333,14824,15040,15701
9534:4:13061,13741,15174,17404
34123:4:3898,3934,4233,12617
7065:4:3670,4304,4930,12121
1653:4:665,11684,14650,18015
42652:4:4524,4633,15712,15866
20773:4:3554,3597,4144,4146
1836:4:959,2098,2252,15244
1916:4:15297,16484,16538,18700
2518:4:307,11292,14080,17556
51815:4:378,914,11155,11681
199291:4:11736,11951,14607,14645
41440:4:10247,11329,12003,18519
8764:4:2432,2861,13338,19206
44395:4:10609,10723,10729,10736
11814:4:3566,14255,17408,18694
11845:4:16454,16458,16479,16497
12083:4:10338,11025,12656,13942
12145:4:97,18411,20070,20182
28685:4:10988,12765,19248,20482
12337:4:267,1370,2707,2733
12479:4:2231,3320,11955,12884
37090:4:4946,11944,13239,15392
12570:4:18616,19316,20171,22151
20766:4:2266,16765,16789,17552
29119:4:11620,13293,13678,21570
29124:4:3865,10734,10868,11661
12843:4:11546,11655,12092,13214
37457:4:15251,15264,15267,16455
4802:4:1072,3037,3741,16177
30844:4:12468,13755,13758,16753
13041:4:659,902,4662,11749
13046:4:12243,12462,13482,16301
13272:4:2927,10066,11312,13952
9070:4:14296,16213,16288,16356
5381:4:386,2603,17672,19479
54858:4:14733,16131,20516,22604
5719:4:14818,14820,14882,14988
30783:4:12862,15867,15917,18539
55430:4:86,14042,18385,19627
6400:4:2810,11816,15669,16157
14754:4:12804,15381,19417,19656
31272:4:4038,4386,17222,20353
6849:4:3903,4336,11594,22153
6876:4:10218,12357,14771,14790
39912:4:265,658,2697,19432
48200:4:1310,16766,17495,17538
15500:4:11056,11079,12889,13590
15600:4:2863,13450,13873,20797
7418:4:51,12819,12927,16568
15659:5:3409,3431,13081,17435,15138
15685:4:2914,3418,13948,20372
15695:4:13124,13127,13137,13162
15965:4:18227,18394,20699,22079
8151:4:15263,16838,19972,23000
24560:4:11832,13602,17590,20814
327750:3:12389,16430,16441
8319:3:2551,2557,3075
8331:3:224,1202,16143
24757:3:12394,13240,13732
49342:3:847,3828,3856
8400:3:4712,12820,12986
237:3:10362,10814,17596
8462:3:3338,13607,14273
28717:3:2276,11975,12312
37100:3:13299,13705,13725
8542:3:1329,2817,17472
8551:3:2754,12236,18746
8591:3:4601,19641,20565
49562:3:4877,10180,11713
8615:3:3731,3827,3861
87:3:10438,10440,13212
8717:3:16363,16592,20540
8758:3:962,13492,20828
8788:3:4468,4628,22676
8820:3:1326,3327,13267
8881:3:2053,10654,13939
8897:3:2110,2120,2134
49931:3:15642,17378,17381
12301:3:12085,14272,22076
790:3:4576,10646,10774
25394:3:2941,14397,16300
9050:3:2926,12425,20819
16591:3:13479,17942,20697
41937:3:219,20066,21554
202236:3:571,586,588
17506:3:2878,3727,13404
33983:3:16617,16634,18440
58587:3:4776,10977,14797
42313:3:2851,11779,19680
17746:3:3619,14473,19326
50581:3:4166,11379,15640
8439:3:11279,11437,21566
1680:3:3060,3786,18487
34533:3:2242,13557,13560
1835:3:474,796,10784
198455:3:2517,2646,2677
10091:3:1037,4800,20621
1901:3:4779,13862,19370
1930:3:634,724,21580
34781:3:15607,17372,17823
2107:3:238,18944,18945
2108:3:1260,1293,13219
34878:3:899,2457,3164
43132:3:4559,4584,10091
2259:3:758,2279,14707
10481:3:243,1170,3552
198977:3:3009,3031,3072
2519:3:2277,13470,15935
2529:3:1301,10038,10134
43557:3:16694,17784,18747
2607:3:114,175,16853
35376:3:4914,11266,20788
59990:3:4965,16723,16782
10013:3:10080,13821,19503
35518:3:2827,22042,22136
199422:3:43,517,532
2914:3:10317,10487,11528
3245:3:1230,1251,1255
3249:3:3375,4415,20531
3323:3:3539,12988,13082
3549:3:11180,19734,20347
3582:3:3646,19262,19336
44581:3:410,15884,22158
3943:3:2403,3423,3430
12310:3:2764,2807,2814
12312:3:1451,3185,13904
28716:3:15515,20542,20678
12502:3:812,882,3357
12576:3:12055,13083,13808
37197:3:4061,4096,14893
12662:3:11490,12633,12644
12731:3:213,421,2229
12767:3:2983,4683,11213
12779:3:3284,3334,3356
4589:3:2414,13815,14381
21127:3:1300,11274,14015
21131:3:2204,4120,13443
25255:3:12152,18279,21408
32329:3:4825,10663,13056
4812:3:11572,11700,20387
20545:3:18041,18984,20461
21211:3:618,3777,19789
13036:3:16666,16771,18751
29422:3:115,833,3290
21232:3:2922,19650,21482
13101:3:750,789,4798
4922:3:10421,10445,14604
25408:3:3910,4514,11038
13189:3:2682,16087,20290
13193:3:2159,14038,20415
13237:3:13190,15573,15724
9051:3:4269,4452,15377
13156:3:3129,12001,21433
29551:3:2538,3435,13646
41095:3:12163,12203,12214
5384:3:2762,3029,13152
5396:3:1520,16322,18730
5408:3:559,13010,17554
46650:3:16232,17811,17992
5713:3:12450,12466,13765
22355:3:13221,13226,13720
201701:3:10278,10282,22581
43030:3:18016,18035,18044
51214:3:10296,11477,18926
30722:3:15152,16342,18563
22561:3:10289,14750,16896
30764:3:799,2772,14341
39029:3:138,433,10667
30851:3:829,14817,14844
30889:3:13411,13413,13469
47395:3:2843,10084,11902
22927:3:4922,4939,14897
39309:3:194,3353,10231
31148:3:4498,11055,12634
6697:3:4473,22613,22616
6703:3:4554,4794,22569
6821:3:10118,12743,14557
15038:3:3218,3252,11801
31510:3:684,11665,19699
56329:3:3570,11910,11971
23674:3:3387,4919,16564
7303:3:15295,15358,15780
16242:3:526,2367,19371
7385:3:15145,19540,20724
23966:4:3173,19953,19978,18490
48592:3:16860,17731,17743
3257:3:137,4875,10636
16019:3:3547,10786,17941
16097:3:998,3183,18600
16160:3:16240,18061,18776
42298:3:16596,17837,19319
6802:3:16365,16377,16412
32653:3:11327,13236,13263
8121:3:14578,16078,19701
16322:3:13999,14018,15393
16333:3:4573,10116,13320
16342:3:4497,12141,22122
8190:3:425,1295,11405
3:2:10114,13864
24582:2:3702,4404
8218:2:472,2911
327719:2:13281,18527
24634:2:13164,15964
24638:2:162,12358
49223:2:11060,13429
8339:2:2737,10664
41135:2:3231,3246
8427:2:4393,11040
8445:2:12149,16059
47834:2:506,21500
36914:2:13100,13218
24889:2:2952,19393
24904:2:1496,20520
59:2:20188,20758
43751:2:748,2605
24956:2:820,2781
24971:2:1469,4164
24992:2:13824,19698
57771:2:225,10150
16814:2:11995,15903
8632:2:4597,13726
24651:2:3535,14175
8660:2:11530,11680
25091:2:1315,12801
41497:2:775,15470
25133:2:4133,17261
8778:2:12930,18081
8779:2:2968,12877
25180:2:2060,11882
12389:2:3857,13459
49770:2:2956,19454
49788:2:19375,19597
33445:2:15015,15020
8877:2:15646,16346
197301:2:2210,22029
41668:2:4205,19921
8903:2:147,13096
41691:2:11308,11343
25309:2:3500,12527
25310:2:10513,10522
8928:2:4699,20416
49909:2:317,344
760:2:566,11141
41733:2:10221,13897
8973:2:145,1364
49962:2:4492,10653
9044:2:767,1256
855:2:19717,20451
25441:2:158,1412
9063:2:59,20718
9085:2:13976,17510
25472:2:3974,14615
50056:2:876,4540
35492:2:15731,16001
41887:2:10997,14152
25515:2:3837,11092
25521:2:4472,12672
9145:2:2081,15736
41920:2:4406,13475
9158:2:2776,14355
9167:2:2162,2175
33762:2:4077,16473
9188:2:3479,12716
42000:2:15860,16657
28854:2:4566,20755
9304:2:1033,14505
1124:2:4608,4639
9318:2:16400,18589
1136:2:945,13380
50300:2:1444,18333
42109:2:872,19910
17552:2:77,22726
50343:2:3622,3632
1205:2:11225,11241
1213:2:195,18366
1224:2:16044,17226
197834:2:13038,13065
8401:2:2358,14006
1257:2:2058,19634
42235:2:13788,13799
17660:2:14041,14484
34056:2:2862,4036
17501:2:423,15391
34087:2:17674,21487
31143:2:3969,11191
34177:2:4646,11217
34187:2:4547,11077
17858:2:19207,20829
34244:2:169,10777
17882:2:4920,18157
34279:2:688,698
50710:2:1277,11728
34347:2:890,3063
34362:2:11723,11737
42560:2:1244,14628
18001:2:21066,21197
42579:2:1401,1464
42337:2:19595,20785
34513:2:15548,19990
42708:2:1407,15702
34554:2:720,10928
34555:2:273,17343
50957:2:3455,3462
24877:2:17522,17546
198420:2:14973,17841
34602:2:965,3253
34612:2:964,12319
34622:2:18559,20795
18266:2:2895,3241
9872:2:17559,21073
10113:2:993,1078
51093:2:949,2257
42910:2:18118,18349
7155:2:12766,21008
10197:2:18162,18596
58715:2:4937,13256
26615:2:11846,16730
133124:2:1093,3641
59414:2:12855,19598
43050:2:14094,14177
10292:2:12783,18855
1161:2:15865,16242
51263:2:18430,18795
43142:2:3564,11733
51349:2:13001,20704
43234:2:14582,21440
35047:2:3676,16422
198930:2:1472,21542
43289:2:2943,11878
35100:2:694,2010
51515:2:771,11095
10566:2:13132,13182
29072:2:2319,14656
35226:2:3117,19397
2500:2:3739,3772
2510:2:12791,14393
199125:2:14637,19536
43494:2:10160,10161
2586:2:4534,19936
2614:2:1324,19664
43599:2:2215,15000
43612:2:4360,10126
35432:2:583,2271
51906:2:2220,20534
43733:2:920,10659
19165:2:17791,17839
51944:2:614,11425
2818:2:4511,4532
35592:2:10604,17931
2828:2:10398,16892
11071:2:11634,11745
2907:2:2896,3743
52063:2:10210,18309
11139:2:3585,19410
60294:2:4431,16278
43950:2:753,2589
44194:2:14894,16109
44030:2:4410,12794
27647:2:10457,11918
27665:2:17461,18995
27699:2:1190,11938
44084:2:11880,18474
11342:2:20192,20382
197133:2:14368,14799
57118:2:16320,21432
49689:2:4066,14007
3261:2:11041,15182
43754:2:13312,16552
11492:2:4325,15979
3308:2:3083,10891
3327:2:705,2915
36902:2:14953,14958
49711:2:19445,19997
44381:2:324,20242
29252:2:2205,21423
44494:2:15635,19868
60879:2:17280,19969
44507:2:18825,18830
199524:2:19307,20719
44574:2:1400,2253
25184:2:18629,21085
42935:2:13385,14873
25187:2:717,13442
61044:2:14168,15257
3737:2:12316,12563
12066:2:16002,17454
53062:2:16733,16783
20299:2:4888,18232
53904:2:16193,18022
4755:2:14593,15840
12963:2:2091,10070
36867:2:14376,14996
7514:2:11218,11297
12333:2:11,2415
12338:2:4143,14921
4150:2:1151,13202
36932:2:11920,12387
28773:2:2510,2970
28785:2:14813,19729
28788:2:10995,12771
28792:2:3094,14651
28840:2:10262,20727
12466:2:4590,18907
37054:2:13721,16170
21195:2:11820,19655
37063:2:12168,13707
13005:2:19535,19854
28890:2:3958,17724
12552:2:10772,12830
12556:2:13771,13779
12578:2:3601,3706
12586:2:2748,12132
28972:2:16720,16777
12594:2:892,14323
37172:2:16445,16466
8926:2:98,19697
12611:2:14685,15885
12635:2:18398,21434
12637:2:142,144
21221:2:17923,19624
20836:2:2312,2318
20848:2:17584,20091
20852:2:4019,19975
20860:2:2516,12022
12676:2:10051,10061
12684:2:13449,13966
12687:2:18960,19743
12703:2:894,1201
12709:2:332,1476
20931:2:11845,12063
20938:2:4142,18288
12754:2:654,696
20952:2:12366,16263
29169:2:3141,3182
61958:2:15613,19798
4616:2:13026,18192
37385:2:10211,12090
12835:2:13031,21588
12872:2:4046,13740
702:2:16607,19569
12897:2:1354,2191
29286:3:10460,11925,17234
4764:2:1060,10933
21151:2:3684,4252
12969:2:2881,13387
4787:2:4906,4985
21183:2:11406,16235
29405:2:16004,19264
13045:2:233,1306
21263:2:666,3136
29492:2:52,17646
21309:2:853,16195
13118:2:10228,10916
13121:2:4049,11712
45935:2:1069,3322
29580:2:16217,16227
29608:2:543,13958
29644:2:10600,18293
21501:2:1430,1481
36996:2:14960,14961
37187:2:19211,20660
21570:2:19749,20752
58239:2:15739,18940
5379:2:10113,10166
5390:2:13832,16864
5404:2:2732,2812
5421:2:16210,23433
13657:2:10791,20841
39153:2:3885,10835
41897:2:4808,16452
8821:2:19843,20024
30740:2:11145,11331
5692:2:3542,4018
21430:2:3036,12874
13977:2:10443,20154
62179:2:16610,20045
6461:2:12515,17315
2110:2:2910,10740
30607:2:13528,13565
6083:2:227,3480
22652:2:4599,17269
47313:2:11081,12041
22742:2:13334,13460
31122:2:1337,3174
39326:3:10330,14213,2017
31169:2:11558,13545
31170:2:646,12367
47595:2:244,11318
31214:2:2576,21489
39427:2:19387,20110
47659:2:11037,12059
6706:2:1389,18682
31287:2:11518,16212
31290:2:1422,2445
39522:2:14633,15022
14988:2:596,19550
31394:2:4381,4844
39603:2:4265,18540
39605:2:10797,11618
6908:2:17713,21129
31493:2:2698,4640
39756:2:1410,1493
39759:2:726,738
39761:2:15090,20557
7011:2:12103,15740
7029:2:4069,12475
198002:2:12338,18423
39857:2:911,11705
15290:2:13108,13685
31712:2:858,865
15372:2:4380,14194
15377:2:4195,12615
48161:2:1211,1229
56430:2:2664,2669
15474:2:217,4371
15488:2:4053,4068
15516:2:4537,10255
56478:2:3381,15831
15527:2:576,2856
48299:2:2307,2320
15544:2:20709,20716
21250:2:14012,17441
15582:2:3768,3832
40191:2:21126,21189
15626:2:2161,12605
7470:2:2514,22651
48438:2:2496,20338
15683:2:11629,12534
48452:2:4218,16211
15716:2:2498,18296
15765:2:11275,17676
7575:2:1036,1052
15772:2:2223,13298
56740:2:926,19968
15782:2:539,14306
15802:2:13151,17982
49071:2:19376,21437
15935:2:3695,18604
50446:2:1320,11711
15964:2:2012,17901
16010:2:11265,18038
16117:2:14295,22576
50477:2:15445,16886
16175:2:3168,17683
48957:2:525,4884
16190:2:700,13035
16234:2:737,11561
49010:2:2577,2792
16276:3:2723,15190,14043
51871:2:2360,2626
16316:3:2155,2852,2334
16353:2:430,14587
8167:2:16381,19235
327681:1:446
4:1:3947
262149:1:2928
49160:1:17754
24586:1:19329
16395:1:12383
17:1:19929
15022:1:13888
16409:1:13311
27:1:1169
8226:1:11606
5467:1:4440
57381:1:2143
41000:1:814
39602:1:4617
8239:1:448
8240:1:3344
8241:1:20705
262199:1:4814
327740:1:12914
8253:1:12992
57407:1:20277
8256:1:4151
9329:1:18185
8264:1:20798
8265:1:13817
41034:1:176
8267:1:2419
34146:1:19442
57422:1:11441
196687:1:639
49232:1:4751
196695:1:3897
196697:1:19233
8282:1:12349
8283:1:2002
92:1:12698
8285:1:14287
196705:1:12569
49254:1:19967
24679:1:13972
104:1:18664
262249:1:16541
196714:1:16094
8301:1:3789
8303:1:615
8304:1:2391
24689:1:621
24691:1:10203
8309:1:1498
8310:1:2475
41079:1:887
49272:1:2458
36884:1:15955
24699:1:13195
196734:1:12596
41088:1:22478
31424:1:2039
196740:1:15075
39617:1:284
41096:1:3944
35522:1:16950
24725:1:2228
25:1:14524
8345:1:13216
156:1:15763
57370:1:12061
158:1:20721
12315:1:20506
8364:1:19784
8374:1:21510
49337:1:4594
24764:1:21545
24768:1:19374
41153:1:3377
196803:1:2064
8391:1:4345
24776:1:4238
8396:1:2268
8399:1:1500
49363:1:521
49367:1:19249
217:1:12578
49375:1:1488
57571:1:11423
131310:1:14096
196847:1:11501
31443:1:13014
24823:2:3098,3053
250:1:2545
24827:1:13355
33031:1:14173
24848:1:20217
24851:1:533
196890:1:10087
16668:1:12506
24862:1:4671
24976:1:20123
41008:1:20025
262438:1:3363
8489:1:10293
57642:1:20577
24875:1:4247
49452:1:3807
35549:1:14259
34154:1:20631
8501:1:2979
41272:1:12821
196922:1:2172
8508:1:330
196925:1:17624
38200:1:15755
8513:1:19583
57670:1:10094
23265:1:19527
8522:1:3460
55:1:16549
24909:1:20471
196948:1:2044
196949:1:2917
41302:1:11473
22925:1:20275
24921:1:4898
8546:1:11168
196965:1:19731
24940:1:11799
8559:1:11187
8560:1:11706
2792:1:13072
33139:1:13623
8564:1:18390
25381:1:11049
41334:1:17913
376:1:13122
49534:1:462
24961:1:17858
8893:1:16156
49544:1:3608
8596:1:619
197019:1:19771
16796:1:12093
24989:1:4853
15088:1:15961
57763:1:4179
41381:1:708
28929:1:17861
49583:1:4846
49586:1:3020
49588:1:12626
57781:1:19716
199964:1:15037
49594:1:20013
8636:1:20472
8641:1:17718
12290:1:15634
49604:1:13271
8648:1:834
16842:1:1130
41419:1:641
25036:1:19391
49613:1:18641
197075:1:10924
8661:1:10145
25048:1:888
41435:1:11862
33247:1:16171
8674:1:408
8675:1:4284
8676:1:10735
8677:1:917
49638:1:13880
8681:1:1270
55391:1:19895
16876:1:1408
8685:1:3506
8687:1:19696
16881:1:1113
25074:1:14343
57843:1:15121
25086:1:1316
197119:1:18033
513:1:335
41477:1:4505
57866:1:3237
41489:1:20287
8726:1:4910
41495:1:780
8728:1:751
546:1:3640
8741:1:20033
197159:1:13452
8744:1:2194
8752:1:1396
20574:1:11557
25145:1:2552
8763:1:407
25148:1:2054
197186:1:670
8771:1:18138
25156:1:20208
57929:1:2604
8784:1:13416
33361:1:10444
41554:1:3696
41557:1:10119
25182:1:12087
49763:1:3980
49764:1:21563
199441:1:20443
25192:1:380
103:1:16190
8812:1:1362
8816:1:13816
41589:1:788
196713:1:18654
41599:1:3904
41601:1:10865
25220:1:4333
39702:1:20468
25227:1:3815
109:1:19420
197264:1:3047
25234:1:13200
8859:1:1463
25249:1:3086
25250:1:13264
41073:1:732
681:1:93
49835:1:11598
197298:1:17783
41075:1:895
41655:1:1355
8890:1:13248
34251:1:12584
197317:1:4991
49866:1:12291
197324:1:10144
41678:1:2972
197328:1:17917
41682:1:73
25299:1:12657
8916:1:365
41695:1:4509
49889:1:10937
8315:1:18798
49895:1:15110
41704:1:11344
41710:1:1505
8943:1:1421
35625:1:509
8953:1:13974
41722:1:15560
41729:1:19586
196737:1:17493
25352:1:20693
41745:1:3694
25365:1:11440
58142:1:17418
25376:1:867
25384:1:3337
57479:1:2734
49964:1:18743
17197:1:10668
9009:1:2269
196745:1:10050
15576:1:20384
9021:1:2925
9026:1:19303
43831:1:19384
9039:1:1250
23352:1:12650
197467:1:12890
33628:1:18239
58206:1:671
17253:1:1107
197480:1:3982
9067:1:4873
25454:1:133
25460:1:12174
49403:1:15170
197498:1:17764
33660:1:2627
41854:1:2287
50047:1:3543
41860:1:13984
25478:1:12642
25486:1:4784
41872:1:19809
25490:1:19940
9116:1:10497
132003:1:1050
9125:1:2816
50087:1:552
25518:1:4630
197551:1:20214
58291:1:13428
197556:1:19349
25528:1:13367
9146:1:4475
25532:1:3672
9150:1:835
50113:1:3643
25538:1:772
58308:1:11621
197573:1:4014
132045:1:20449
9166:1:20467
57507:1:20657
25560:1:82
9182:1:994
50144:1:17909
33763:1:12385
41957:1:11043
25579:1:14792
41965:1:19687
50168:1:600
9211:1:3407
33796:1:17827
132106:1:15318
41998:1:20261
33811:1:4580
42004:1:1348
42005:1:19772
42010:1:4899
17435:1:11016
132125:1:10269
48863:1:20668
33824:1:18675
9249:1:14447
33835:1:11491
9260:1:20093
33837:1:19287
50222:1:11476
9264:1:19404
28851:1:18594
197690:1:14974
17470:1:14564
197696:1:2261
60256:1:12187
50244:1:2761
60257:1:14113
37047:1:4274
33873:1:3059
9299:1:20861
50261:1:4871
1113:1:11244
42077:1:1467
1120:1:1494
33891:1:1431
197532:1:21403
42093:1:16314
50289:1:3848
1140:1:10893
42102:1:4063
33915:1:16882
33920:1:2189
33924:1:669
26134:1:10329
9351:1:14812
9354:1:18359
17547:1:14603
58511:1:12405
58516:1:1386
9367:1:11539
197793:1:15657
9378:1:18388
42148:1:19396
9381:1:1047
50348:1:747
42160:1:22487
42163:1:4619
198080:1:15890
21503:1:10179
33980:1:395
45595:1:16572
61962:1:15195
8395:1:19964
33988:1:2074
42189:1:22433
50387:1:11101
17621:1:3386
50391:1:4029
50392:1:12839
42205:1:3335
34019:1:898
42220:1:20597
49362:1:2844
9464:1:12441
58621:1:16104
1280:1:1171
197889:1:11494
20694:1:1458
197895:1:20582
9482:1:15894
9488:1:2564
24792:1:19465
50458:1:779
50463:1:3625
58656:1:14559
34093:1:11410
42289:1:482
34106:1:20674
34108:1:580
20776:1:17762
17732:1:20279
9541:1:303
47800:1:4824
50503:1:3202
42318:1:13996
197971:1:730
9556:1:4449
197975:1:18673
50746:1:16587
47237:1:18491
50530:1:2610
50535:1:16876
197996:1:2573
50542:1:11270
50543:1:14174
42353:1:10024
25415:1:1434
42355:1:10239
34171:1:2281
60309:1:14086
42374:1:741
9609:1:2280
42378:1:14854
9617:1:14850
42387:1:15523
50585:1:15561
9595:1:14352
198047:1:16927
17828:1:1087
198060:1:12308
34221:1:11070
34224:1:17759
34225:1:1238
42420:1:10992
17993:1:14446
34233:1:18370
50618:1:17921
50620:1:629
50621:1:934
42431:1:674
34248:1:12784
198089:1:19714
198096:1:13882
60323:1:22402
34263:1:19871
50648:1:4822
42459:1:15770
49402:1:19343
17886:1:1013
34274:1:15675
251:1:1187
31655:1:16270
34288:1:19658
28926:1:4848
42490:1:22441
50685:1:3986
34304:1:2622
34305:1:17944
9735:1:4774
9737:1:10778
1547:1:4149
36877:1:12393
17934:1:3682
42514:1:668
198167:1:3498
260:1:20056
198171:1:3442
42525:1:2436
198183:1:17775
42541:1:11420
42548:1:165
17974:1:19489
9785:1:4788
198203:1:4659
9790:1:13104
34372:1:21416
42569:1:652
132696:1:4721
271:1:20318
42590:1:12429
9824:1:4140
198247:1:10834
34409:1:3010
9831:1:21171
39869:1:4298
15723:1:20010
1659:1:18069
42622:1:20672
42628:1:800
50825:1:22479
34442:1:2378
37154:1:13519
42642:1:18244
34456:1:17733
28954:1:20032
198541:1:14313
42668:1:4897
1712:1:13842
42675:1:2532
9908:1:1004
56523:1:16692
132797:1:3324
34421:1:4175
198336:1:3216
34497:1:1218
1734:1:345
20769:1:13934
18121:1:13822
9930:1:15957
1739:1:11719
1742:1:11627
42707:1:11497
50901:1:4651
50903:1:584
292:1:13614
34524:1:11103
198370:1:19348
42727:1:685
42732:1:19385
198385:1:4697
34549:1:18304
132857:1:4464
1798:1:3569
42760:1:731
34569:1:23474
34572:1:2690
198423:1:4268
198435:1:12335
50989:1:1486
42800:1:15508
19429:1:20194
12597:1:2619
39904:1:637
51018:1:4893
18259:1:15639
196921:1:12499
42841:1:12175
1886:1:16341
1887:1:12904
51050:1:19257
198508:1:10233
24893:1:18024
34674:1:15822
18291:1:906
1909:1:319
20853:1:16140
34683:1:19250
34687:1:4903
34688:1:610
199659:1:14083
26504:1:11687
51083:1:17505
1948:1:17438
8518:1:11879
198570:1:4741
1967:1:17865
133051:1:17119
34748:1:13215
34749:1:18601
39925:1:2380
34762:1:12050
34764:1:4660
51155:1:519
34772:1:10162
51159:1:20701
51164:1:3305
198622:1:2869
51172:1:13697
51182:1:683
51185:1:19315
26610:1:15483
198644:1:2695
2042:1:13456
60415:1:13982
2044:1:12513
198653:1:10907
34814:1:657
59395:1:22075
2055:1:10344
198668:1:18611
59406:1:3809
198672:1:4796
51219:1:11510
51225:1:13055
13999:1:19709
41307:1:20053
34863:1:2262
18480:1:14069
34867:1:4686
48137:1:19320
199853:1:18325
2109:1:690
51265:1:19313
198722:1:17529
43081:1:881
198731:1:18442
34892:1:12030
59469:1:2136
10318:1:4672
59472:1:3638
26711:1:1164
12644:1:13257
51290:1:616
59494:1:4882
2152:1:20436
59498:1:3721
42685:1:11240
10352:1:19551
24895:1:19356
34934:1:14299
43127:1:883
197021:1:4911
198335:1:18384
51327:1:18091
42689:1:10109
43150:1:14724
73:1:20710
34970:1:21390
59547:1:17824
10396:1:17854
26785:1:3041
198818:1:3374
13167:1:20456
20849:1:20130
59561:1:173
26803:1:13004
43192:1:10725
43198:1:14153
35007:1:2187
198854:1:3007
51400:1:13473
51401:1:22550
51405:1:661
198864:1:4481
198869:1:3303
35045:1:18656
35046:1:17961
51432:1:19381
12668:1:4426
49533:1:17651
24958:1:11516
35063:1:16763
34516:1:4673
35067:1:13278
43260:1:19395
198357:1:19948
51458:1:1409
59659:1:20636
51468:1:385
43284:1:20361
51483:1:1290
198362:1:15687
51489:1:20646
59682:1:19718
59689:1:11617
59702:1:15197
43321:1:2559
35130:1:20267
51523:1:827
35140:1:18524
59721:1:10096
10570:1:13330
43341:1:11206
35152:1:1252
51541:1:516
35158:1:2365
18779:1:12300
43366:1:16831
50919:1:13610
35189:1:3557
43382:1:830
43384:1:18975
41364:1:3527
18822:1:19725
43406:1:19380
59791:1:19327
43408:1:2213
48364:1:20623
199067:1:11084
199071:1:844
35236:1:12823
199081:1:18056
51629:1:20073
199087:1:3313
2485:1:453
35258:1:4615
199103:1:17816
12705:1:16174
36909:1:13887
199128:1:11455
37284:1:2235
51675:1:2270
16724:1:4870
56402:1:15379
35313:1:13964
35314:1:18213
2547:1:3082
35320:1:2992
10745:1:11215
25002:1:15464
51718:1:18273
199181:1:11803
51728:1:2937
43542:1:20197
41391:1:10964
2588:1:3732
35361:1:2847
43554:1:12531
35366:1:979
59944:1:20474
43566:1:20067
35378:1:18484
199220:1:4895
27742:1:15247
43583:1:18337
197046:1:20717
51782:1:14788
35401:1:626
8271:1:12711
35411:1:1340
34574:1:4756
43611:1:19323
51806:1:18755
51810:1:13054
199782:1:21043
35434:1:12599
25372:1:22628
60522:1:21445
43646:1:14683
10881:1:12808
199298:1:2154
52191:1:22642
18199:1:10095
23661:1:1011
43668:1:11444
27288:1:12426
20932:1:15414
2716:1:16721
199328:1:19309
19108:1:10969
199339:1:11148
35505:1:16218
10932:1:19998
60532:1:13192
43708:1:839
5547:1:18691
199366:1:19512
199367:1:10081
6823:1:20761
18210:1:12415
43727:1:20771
29007:1:14875
35539:1:3820
35548:1:1327
19171:1:14779
27364:1:12161
35558:1:20160
35559:1:2744
35567:1:10122
202225:1:15084
199412:1:11851
35573:1:10131
35574:1:4777
19192:1:18334
197076:1:17215
50986:1:4950
35584:1:13034
43782:1:628
51978:1:19669
35600:1:13210
49624:1:3432
56833:1:17337
51989:1:3096
60187:1:20706
2847:1:633
56288:1:21191
11051:1:17833
56456:1:19705
19255:1:2858
52024:1:3048
199481:1:11517
37343:1:14398
60227:1:20464
35656:1:17292
35662:1:15621
35665:1:4638
52058:1:19464
42810:1:19594
52064:1:2955
29425:1:13930
52075:1:18299
199542:1:11959
52088:1:3515
60288:1:13907
35714:1:4288
199562:1:12772
3223:1:13625
60304:1:16605
27537:1:1144
35731:1:681
43925:1:11885
35734:1:4016
199578:1:15125
60316:1:16665
52378:1:15276
52130:1:3621
43939:1:3016
199588:1:11563
43942:1:2339
199599:1:17747
199600:1:4735
43957:1:21039
28742:1:19310
43966:1:4123
60351:1:11942
42927:1:19365
43975:1:3791
60362:1:13606
37199:1:16450
44002:1:16249
35815:1:11320
35816:1:11481
52207:1:10274
199664:1:12857
35826:1:2820
198483:1:20707
52215:1:15665
35832:1:1284
11259:1:15949
11260:1:1118
44034:1:2957
197121:1:12997
52233:1:3544
60427:1:2666
15533:1:10660
44056:1:4988
60444:1:13605
27678:1:390
44066:1:2325
44068:1:11458
44070:1:18469
27696:1:18229
11318:1:19513
3130:1:4981
25098:1:4013
60478:1:12787
48309:1:18260
35911:1:20840
11340:1:15987
27725:1:12734
60497:1:18291
199764:1:13965
27733:1:16576
52314:1:15253
44124:1:19777
44134:1:3468
37204:1:15351
3178:1:19237
199788:1:18598
44141:1:2121
3188:1:4295
52344:1:4734
27769:1:22130
44156:1:4649
198507:1:19480
3208:1:17325
3213:1:761
27843:1:15372
3220:1:374
3221:1:11447
3225:1:12497
35995:1:16187
3233:1:189
3238:1:110
3244:1:4952
11442:1:19555
199860:1:17703
37406:1:14938
3255:1:11811
44217:1:2494
199868:1:16383
3267:1:17704
3277:1:22735
19662:1:17910
197157:1:20489
44257:1:870
3302:1:3389
44265:1:14366
52458:1:20423
3324:1:18311
3330:1:1484
557:1:11018
199952:1:17365
48344:1:13198
27925:1:21021
52502:1:18021
3356:1:2897
60706:1:2713
60708:1:14437
42666:1:19353
60713:1:15051
27947:1:15341
199789:1:15066
199987:1:18582
19764:1:20272
36149:1:16090
27960:1:13176
51082:1:18200
49717:1:20627
49214:1:19441
27983:1:3745
28000:1:342
12859:1:92
51090:1:11256
51943:1:11340
28017:1:100
60792:1:11584
25151:1:19213
48362:1:19531
48943:1:12309
60804:1:19560
3462:1:12210
18119:1:22666
44431:1:19292
60820:1:18697
60828:1:20475
28068:1:15262
60840:1:10936
200129:1:19279
44484:1:11390
200134:1:20312
44489:1:418
60876:1:20009
44515:1:2218
200174:1:19770
52720:1:12505
1756:1:19949
44549:1:2718
60940:1:13333
3597:1:4912
36372:1:11653
3605:1:329
44566:1:10132
36375:1:1105
60955:1:11285
41562:1:17780
11815:1:3528
60975:1:15185
6122:1:15911
60986:1:3853
57951:1:20419
44604:1:3953
36416:1:14767
37662:1:15309
3661:1:18152
61006:1:16772
3663:1:3517
20057:1:12806
60687:1:20218
44637:1:4203
18126:1:13262
12902:1:13282
61048:1:16808
28220:1:20255
36483:1:2793
44684:1:21524
199961:1:20207
61098:1:19719
44724:1:3719
41588:1:2443
201333:1:16768
197893:1:18905
36549:1:12035
11976:1:15071
61143:1:18208
61144:1:15425
11994:1:17595
44763:1:958
44764:1:4109
44775:1:3955
44776:1:11202
61167:1:13920
34771:1:11994
61189:1:19355
61194:1:16754
3851:1:10008
44814:1:19630
12931:1:266
61211:1:21283
44831:1:20002
2012:1:352
44843:1:11074
2857:1:3091
61239:1:15284
48437:1:13376
34786:1:12640
3927:1:4958
20312:1:20166
61275:1:4612
61283:1:4739
29319:1:12310
12143:1:19928
53597:1:1163
36728:1:11548
44923:1:3735
61309:1:12706
50324:1:20121
20355:1:10369
61319:1:16985
44951:1:15160
44955:1:4632
61349:1:18720
4007:1:20618
61354:1:4833
44973:1:18068
23881:1:12208
196810:1:19369
61375:1:3613
47927:1:22527
36810:1:17535
197029:1:16728
45014:1:19778
12252:1:18695
56656:1:10921
61412:1:18270
45031:1:20141
679:1:11119
197288:1:19330
45043:1:10966
12276:1:10415
36856:1:131
45050:1:12007
61438:1:19517
53250:1:12719
36874:1:18671
12303:1:2944
53264:1:11837
20507:1:37
12319:1:20757
4128:1:4959
28707:1:370
12324:1:14909
4134:1:1008
36905:1:2456
36907:1:12471
28728:1:18355
12346:1:14829
12348:1:18176
36925:1:12344
12350:1:20206
28738:1:3804
12355:1:2779
36934:1:17662
12360:1:850
20555:1:2598
28748:1:11166
20561:1:20004
36947:1:19403
198452:1:19298
53339:1:12075
12381:1:428
45164:1:11753
12989:1:14765
45170:1:20165
20597:1:11034
40497:1:19908
45177:1:3088
12991:1:11125
12418:1:11301
20612:1:951
36997:1:10855
36998:1:15327
705:1:2303
45192:1:15315
24964:1:16351
20621:1:57
37006:1:14955
20626:1:14699
37012:1:13117
20631:1:2061
20632:1:13921
20634:1:2248
25285:1:18234
20640:1:10214
58054:1:20190
28847:1:18320
12464:1:17572
20657:1:23434
37043:1:4089
28855:1:1219
15732:1:15623
12480:1:2290
37057:1:11306
37061:1:4078
196819:1:4267
36423:1:18947
20686:1:19474
28889:1:19563
20875:1:1232
15738:1:20688
12519:1:12442
28907:1:682
28908:1:12376
28909:1:15673
20723:1:19740
28917:1:11448
12545:1:2240
37126:1:19925
44417:1:14387
14380:1:16073
12559:1:20259
48155:1:21581
12565:1:22476
12573:1:2116
45345:1:301
12579:1:2112
28968:1:11072
29404:1:20677
198068:1:11708
20794:1:1504
58079:1:18554
12605:1:18305
37183:1:15653
12615:1:2864
12617:1:3499
29003:1:11624
12620:1:15407
20815:1:47
12628:1:558
20821:1:10059
29014:1:4015
29017:1:831
37228:1:253
4474:1:12159
29056:1:11586
29067:1:126
37266:1:13712
29075:1:518
29076:1:4963
29077:1:16092
29081:1:19434
41711:1:1247
29084:1:2758
37281:1:11236
20900:1:739
45809:1:1022
20904:1:18274
202215:1:18339
20910:1:14314
20911:1:15252
29107:1:3935
20917:1:18317
45494:1:10807
4538:1:483
37309:1:18434
20926:1:14662
37312:1:15782
29121:1:893
29125:1:3657
23969:1:22744
29134:1:143
12751:1:1385
12757:2:4165,13962
20956:1:16931
20960:1:15711
12775:1:18287
12778:1:3250
4608:1:11673
61955:1:17831
61956:1:16979
4613:1:20096
12810:1:13553
12813:1:1491
12816:1:784
12826:1:11619
37403:1:12386
31229:1:22449
12833:1:2259
29222:1:20442
21034:1:12220
200114:1:20553
12847:1:4990
12849:1:3607
21042:1:19567
62007:1:13457
15796:1:19828
29243:1:3247
29244:1:16223
45629:1:14778
21060:1:339
45637:1:11774
12880:1:13951
21079:1:1281
36982:1:18114
29278:1:723
4704:1:12199
43110:1:12648
45671:1:1125
62059:1:10881
4717:1:20374
37497:1:4092
12923:1:16106
62078:1:15139
37503:1:18483
12929:1:12165
41750:1:13458
12946:1:19860
62099:1:16776
37524:1:18514
4760:1:12455
37537:1:19526
21155:1:2038
37542:1:2608
4775:1:16632
37557:1:16490
21176:1:11382
50897:1:22071
25375:1:22141
4796:1:18189
8789:1:12905
62240:1:14140
21193:1:14334
51319:1:4780
45773:1:18150
13009:1:11904
29396:1:16274
13092:1:2907
4826:1:12413
37596:1:19896
41765:1:4929
21217:1:4832
13032:1:4158
13039:1:4364
21239:1:4850
49808:1:20015
29439:1:3972
30848:1:14292
29449:1:459
29454:1:3448
29456:1:11066
62225:1:19304
13082:1:15610
29467:1:3362
29470:1:3834
62239:1:14847
21280:1:11333
197424:1:12629
21282:1:14445
201508:1:2401
62251:1:11462
37678:1:13874
13103:1:2729
21299:1:11078
62267:1:19677
37695:1:12982
13122:1:15965
41782:1:16208
29512:1:10935
45903:1:22686
200163:1:11562
21334:1:19662
29527:1:4521
29535:1:15368
29540:1:2014
21353:1:3887
29550:1:17260
29553:1:4176
21365:1:14680
45942:1:1083
21374:1:12637
45951:1:15261
21390:1:12601
5009:1:10493
21396:1:2033
21404:1:19776
13213:1:2092
21409:1:703
21412:1:20439
29605:1:13774
51996:1:20244
21415:1:18454
22684:1:11153
201644:1:20174
62383:1:18323
13238:1:728
198208:1:19302
13243:1:2329
13246:1:10052
29632:1:699
13249:1:3907
62402:1:20762
197451:1:17270
36994:1:16420
21453:1:10184
62416:1:12219
62418:1:714
43171:1:22017
21466:1:704
12990:1:11151
29668:1:14726
29670:1:231
13287:1:4931
29676:1:11908
20547:1:15875
29680:1:2247
13306:1:563
29691:1:1404
21500:1:12639
11776:1:16898
13319:1:12809
21513:1:19204
43679:1:15789
62489:1:14169
25540:1:16940
201773:1:12053
21341:1:20818
12993:1:18567
201787:1:18623
29760:1:13309
35000:1:11351
37979:1:17565
37989:1:4430
25447:1:19610
37996:1:19900
54390:1:13960
198847:1:3988
62588:1:15187
21637:1:17218
29834:1:4826
44567:1:19507
201868:1:20742
29838:1:13692
38031:1:15966
201873:1:20292
29854:1:17912
13476:1:3932
10929:1:19425
13489:1:1174
13490:1:20725
41843:1:10258
37002:1:19496
201913:1:10097
201933:1:12139
13178:1:18422
24103:1:11694
201964:1:18375
201977:1:17514
133333:1:15151
62336:1:18356
5387:1:193
5394:2:13448,10975
5400:1:12350
5403:1:18300
45957:1:12412
5413:1:10679
5419:1:2691
202032:1:17919
38195:1:12428
202042:1:12993
5435:1:11739
21826:1:20167
21828:1:16080
202054:1:4730
202056:1:16676
13649:1:19620
5459:1:451
202069:1:16878
5470:1:12723
29442:1:12554
62352:1:13461
5479:1:697
13672:1:10601
202089:1:18256
5486:1:885
5503:1:966
50071:1:11386
20915:1:14070
5524:1:1261
197529:1:2137
62874:1:14258
38299:1:306
5538:1:434
5539:1:461
25500:1:18959
38315:1:14558
1237:1:18199
5552:1:11212
38322:1:17807
15945:1:4128
5567:1:2274
5576:1:1224
5580:1:18585
202194:1:15033
202198:1:16148
30170:1:19516
327798:1:12975
46562:1:13833
5609:1:128
9127:1:16594
49847:1:20065
5628:1:2916
5639:1:18923
46609:1:10477
5653:1:19239
5669:1:19615
49902:1:17309
22795:1:11891
30988:1:12195
41911:1:12618
54867:1:12694
61029:1:19282
201659:1:19805
47377:1:14914
5739:1:10403
25534:1:645
46019:1:20796
9153:1:19210
24916:1:14716
59676:1:11438
327805:1:18129
44384:1:16716
49567:1:4127
132047:1:13807
12470:1:14895
14051:1:4706
38629:1:15638
43022:1:11609
38639:1:14811
14080:1:12805
38657:1:4241
31019:1:939
14551:1:20142
14103:1:12106
38932:1:20533
39216:1:11560
14117:1:16577
46887:1:19938
47116:1:11592
18747:1:13657
5087:1:17081
38719:1:11734
21472:1:18319
22342:1:11747
21473:1:983
38731:1:1070
9186:1:12460
22351:1:17880
198971:1:4292
47420:1:4956
21479:1:18564
10838:1:10342
715:1:15395
50153:1:4277
22394:1:19459
37520:1:18169
30600:1:15070
24751:1:15383
59715:1:3189
30619:1:13727
30640:1:10305
14259:1:16573
13303:1:12835
197624:1:4003
30689:1:18179
38883:1:12786
33788:1:14867
197426:1:4631
6147:1:13237
43350:1:16119
30737:1:960
38930:1:1429
22548:1:111
327817:1:18135
30746:1:10139
47451:1:17367
38949:1:22464
38952:1:16722
37577:1:15342
38955:1:675
22573:1:17601
30781:1:396
6222:1:15386
41670:1:21455
14420:1:18698
39007:1:18534
39010:1:13173
8664:1:16749
39020:1:13876
47215:1:15772
50195:1:18943
30836:1:14280
47227:1:20561
47232:1:3099
47236:1:20517
39045:1:2872
198249:1:11400
49037:1:19858
13335:1:17993
39057:1:11253
39065:1:4173
39069:1:4828
30880:1:1305
22690:1:17932
47270:1:3960
30887:1:18486
6315:1:19976
1133:2:22047,2311
39090:1:15819
39093:1:10612
39097:1:20336
14522:1:15330
33823:1:13315
39102:1:1223
39107:1:13336
42765:1:10234
6342:1:10450
39116:1:12878
6758:1:14180
39120:1:20220
201763:1:11417
55511:1:14454
39135:1:16942
6373:1:10905
22759:1:10419
14569:1:4185
39150:1:3610
39151:1:22146
35613:1:18618
30969:1:15332
30971:1:248
30972:1:579
30982:1:18753
6407:1:14310
39179:1:3573
6412:1:3055
52:1:15887
30990:1:15238
22799:1:16172
39184:1:19724
59779:1:20356
39205:1:2239
55592:1:18749
47408:1:611
6471:1:18222
31055:1:16902
39251:1:16206
39257:1:20012
39264:1:1341
6503:1:10963
31094:1:10249
39288:1:2221
31103:1:2796
6535:1:12848
18494:1:14244
39310:1:2392
31124:1:20695
47524:1:2526
47527:1:982
39339:1:4177
47537:1:20487
202078:1:21451
1101:1:11690
33871:1:20381
6621:1:12402
39392:1:1254
39396:1:20573
31213:1:20749
31216:1:17057
31221:1:20492
47613:1:15680
1109:1:19690
47623:1:18963
31241:1:20476
31242:1:14876
39435:1:4261
39439:1:19773
31250:1:2309
6677:1:2906
39449:1:10610
47645:1:19631
55850:1:14471
31283:1:1457
201822:1:18047
14905:1:2763
47678:1:11346
6720:1:11226
6724:1:379
39493:1:310
33890:1:2178
6734:1:58
6735:1:4369
6736:1:15535
39505:1:16402
39506:1:613
55895:1:2868
25700:1:19460
31323:1:11487
6750:1:417
14949:1:2711
39526:1:3725
55915:1:20084
39542:1:15988
39545:1:2185
35263:1:19668
31357:1:11751
31371:1:4762
6798:1:15466
47764:1:3611
6807:1:18965
39578:1:19803
47771:1:14246
50288:1:10252
197745:1:3391
6829:1:3222
47794:1:2284
31416:1:3981
197750:1:4655
47814:1:889
6856:1:11088
23242:1:4352
6867:1:12918
8412:1:22111
39637:1:19661
39638:1:4487
60241:1:14050
56032:1:17578
6881:1:148
31461:1:20446
6886:1:4809
31463:1:4522
9340:1:220
6893:1:620
6910:1:19514
50304:1:214
41966:1:19816
42116:1:10265
39709:1:3714
31519:1:4005
39713:1:2368
31543:1:672
56132:1:19983
31562:1:48
39766:1:10117
23393:1:10366
31592:1:2542
7020:1:16491
39790:1:2524
39791:1:673
39792:1:3884
33940:1:19682
31615:1:957
7050:1:14527
39405:1:2292
7057:1:12369
31638:1:366
31641:1:279
39835:1:14892
31644:1:759
39837:1:348
39839:1:205
48039:1:2026
15275:1:11697
31661:1:116
31662:1:11255
28878:1:21334
39863:1:11623
15296:1:4368
7106:1:12867
197731:1:18365
15301:1:10303
48072:1:22556
42518:1:17285
39886:1:22032
14840:1:13663
50702:1:20429
31708:1:2083
40981:1:17906
31725:1:12592
57795:1:22188
31727:1:19625
48112:1:11219
39923:1:1276
39927:1:4042
31736:1:20787
39931:1:4306
41783:1:17844
39935:1:746
56327:1:10287
48139:1:15594
48142:1:15889
239:1:18095
8613:1:3545
48154:1:16124
56347:1:12593
15389:1:184
15397:1:20262
15399:1:13121
15401:1:2282
15404:1:15163
48173:1:1360
60525:1:11197
15415:1:21333
39995:1:12541
15425:1:16731
48204:1:13007
38158:1:4941
48217:1:12602
15451:1:2887
48220:1:20644
40029:1:17809
15493:1:11116
23688:1:19898
15497:1:12535
48274:1:19916
56472:1:623
8047:1:3466
15517:1:11743
28886:1:11414
15525:1:21548
48294:1:13453
58620:1:12404
48320:1:19219
31939:1:10697
23752:1:15606
24439:1:14449
39458:1:14023
56534:1:3628
48352:1:19977
59440:1:19846
30798:1:15728
15605:1:617
35369:1:19473
51754:1:18378
15614:1:16758
2603:1:17609
17622:1:21173
33765:1:15282
15630:1:13870
8431:1:16202
9433:1:21069
198288:1:19351
48417:1:1342
7459:1:15081
48424:1:3529
15657:1:2302
23855:1:18166
15665:1:20077
15669:1:10100
15672:1:12594
48441:1:20092
56641:1:19363
15689:1:1454
49896:1:19291
15696:1:745
9443:1:2770
198290:1:20264
56665:1:19357
62353:1:19202
48478:1:13321
56672:1:4763
48481:1:20001
32098:1:15844
7527:1:4754
48493:1:19920
48500:1:2209
23930:1:3155
199231:1:22033
15743:1:435
15744:1:150
47680:1:13724
15747:1:17037
196655:1:2260
20375:1:19956
48524:1:11192
57809:1:17773
15764:1:843
15766:1:15846
24257:1:13364
15788:1:1249
44957:1:18681
15793:1:14103
8982:1:18494
15798:1:10067
15800:1:2395
61343:1:20673
15806:1:10639
15808:1:13769
15810:1:848
15815:1:3659
32204:1:19539
15826:1:10256
32212:1:4155
47694:1:4790
15830:1:13374
56791:1:607
7642:1:1042
15836:1:11874
21755:1:20133
41445:1:13871
47698:1:2288
10835:1:10405
32244:1:16870
40448:1:1101
24806:1:795
56835:1:10283
31319:1:20735
48659:1:10248
15894:1:19373
24090:1:4443
48670:1:11361
58629:1:14178
48679:1:11426
55581:1:20315
40490:1:20837
7727:1:18250
13576:1:3071
24122:1:12148
42252:1:3256
56910:1:13427
56911:1:13640
40528:1:2591
37084:1:10243
21775:1:20857
23141:1:2714
50448:1:11013
32354:1:17414
7782:1:3588
24167:1:20512
48747:1:16226
49360:1:11821
15982:1:4886
48756:1:12660
56969:1:11325
16016:1:2200
202008:1:19407
16020:1:12046
24218:1:12453
9498:1:13558
16030:1:18298
16032:1:11249
24229:1:2890
32448:1:13288
62752:1:12095
57031:1:20591
48848:1:11063
16082:1:13493
16083:1:17684
48854:1:837
16095:1:10954
57068:1:13436
57069:1:3062
57079:1:2801
57084:1:11583
16125:1:20313
16134:1:3748
48917:1:15848
16154:1:538
48926:1:13490
57119:1:2892
57142:1:11046
7992:1:14099
48954:1:929
16188:1:20052
197219:1:19255
48961:1:10635
57154:1:21296
48964:1:635
24390:1:11691
16202:1:4799
48971:1:18579
48972:1:3308
57169:1:915
16218:1:20612
62189:1:20094
57188:1:20128
57193:1:20769
199399:1:524
57214:1:4726
49024:1:20589
9543:1:3054
49029:1:12576
57231:1:11195
16281:1:14214
24482:1:10074
49063:1:3841
199324:1:19306
16302:1:3950
8111:1:17620
16305:1:11763
50505:1:2993
57279:1:20263
57280:1:19350
16345:1:4455
23205:1:20759
49120:1:3946
49125:1:10972
39591:1:18302
32748:1:19481
57329:1:11877
16397:0:
393249:0:
32809:0:
196660:0:
57397:0:
327748:0:
57413:0:
41046:0:
196733:0:
49283:0:
31430:0:
32934:0:
8369:0:
132467:0:
16586:0:
5495:0:
41176:0:
24796:0:
262373:0:
8448:0:
49409:0:
8452:0:
47:0:
24863:0:
49444:0:
56477:0:
8530:0:
57692:0:
49503:0:
196961:0:
57710:0:
202132:0:
24957:0:
8580:0:
57734:0:
41360:0:
8595:0:
49559:0:
16810:0:
41393:0:
25019:0:
8657:0:
197078:0:
50596:0:
8672:0:
197095:0:
25082:0:
57862:0:
25106:0:
25124:0:
25137:0:
25139:0:
47881:0:
25144:0:
8774:0:
25159:0:
25160:0:
8781:0:
41560:0:
25178:0:
197216:0:
57961:0:
8818:0:
197248:0:
25233:0:
36974:0:
42436:0:
39706:0:
57307:0:
8879:0:
41659:0:
49854:0:
25279:0:
25286:0:
25291:0:
41690:0:
41709:0:
197361:0:
196735:0:
41727:0:
28804:0:
41756:0:
33567:0:
17185:0:
803:0:
197415:0:
197422:0:
49974:0:
49984:0:
41798:0:
9033:0:
9036:0:
25429:0:
50020:0:
39741:0:
33651:0:
9080:0:
9112:0:
41881:0:
50088:0:
9136:0:
50115:0:
9191:0:
41960:0:
33774:0:
45224:0:
9205:0:
58365:0:
197632:0:
42009:0:
50204:0:
17439:0:
42031:0:
42038:0:
34315:0:
17480:0:
197709:0:
33876:0:
41145:0:
50266:0:
197729:0:
1128:0:
42104:0:
33929:0:
197784:0:
20677:0:
50358:0:
197830:0:
132304:0:
197846:0:
41168:0:
132335:0:
50473:0:
42331:0:
42335:0:
34145:0:
42346:0:
34168:0:
50558:0:
42383:0:
31643:0:
34232:0:
42432:0:
198102:0:
198127:0:
50673:0:
42484:0:
42487:0:
34968:0:
42527:0:
50780:0:
34352:0:
34383:0:
9808:0:
18002:0:
198236:0:
9821:0:
9829:0:
198259:0:
24852:0:
132730:0:
37155:0:
42682:0:
42714:0:
50810:0:
34547:0:
34550:0:
9988:0:
42763:0:
42770:0:
1819:0:
198429:0:
7132:0:
42808:0:
198458:0:
49981:0:
42831:0:
1880:0:
10084:0:
34661:0:
51056:0:
10102:0:
51074:0:
42892:0:
42893:0:
10130:0:
10131:0:
10139:0:
51127:0:
34757:0:
20525:0:
198631:0:
26617:0:
37205:0:
198657:0:
12630:0:
51218:0:
59412:0:
6713:0:
58445:0:
59441:0:
20830:0:
43075:0:
58173:0:
51336:0:
59550:0:
43179:0:
51375:0:
59587:0:
35012:0:
51407:0:
35032:0:
8570:0:
8571:0:
51463:0:
43274:0:
51518:0:
51543:0:
51561:0:
2426:0:
10620:0:
43395:0:
199045:0:
49455:0:
35228:0:
200032:0:
20895:0:
2508:0:
199121:0:
51678:0:
43545:0:
35371:0:
35389:0:
199244:0:
2637:0:
199256:0:
35425:0:
51827:0:
34580:0:
43656:0:
2697:0:
37315:0:
199351:0:
35524:0:
51930:0:
35550:0:
35562:0:
35598:0:
2831:0:
327706:0:
51997:0:
19230:0:
2848:2:,20523
11049:0:
2860:0:
43826:0:
199484:0:
2878:0:
199490:0:
52037:0:
48268:0:
44176:0:
8678:0:
35699:0:
43893:0:
43911:0:
48284:0:
52154:0:
35787:0:
43998:0:
52197:0:
199657:0:
35819:0:
60432:0:
52259:0:
19200:0:
27745:0:
27775:0:
11404:0:
3226:0:
3262:0:
199871:0:
31479:0:
11488:0:
3304:0:
3313:0:
3316:0:
44281:0:
44286:0:
27929:0:
19750:0:
199993:0:
49718:0:
36939:0:
200072:0:
27884:0:
11666:0:
201285:0:
28075:0:
44466:0:
28094:0:
200127:0:
28104:0:
60875:0:
200145:0:
44514:0:
50583:0:
19968:0:
37463:0:
3598:0:
44611:0:
44615:0:
20080:0:
28289:0:
44678:0:
41314:0:
44712:0:
60700:0:
3758:0:
44725:0:
3770:0:
9129:0:
44788:0:
61174:0:
13768:0:
262792:0:
9716:0:
44889:0:
44946:0:
3999:0:
53164:0:
61364:0:
45019:0:
61405:0:
12258:0:
61417:0:
61426:0:
26596:0:
20500:0:
12357:0:
12361:0:
12365:0:
36948:0:
36959:0:
12390:0:
56679:0:
20590:0:
12406:0:
45178:0:
36995:0:
28812:0:
20625:0:
45209:0:
20647:0:
20650:0:
41671:0:
37045:0:
20662:0:
12491:0:
28876:0:
28877:0:
12496:0:
37073:0:
45267:0:
28885:0:
37094:0:
28905:0:
37098:0:
37105:0:
45348:0:
12581:0:
12591:0:
12593:0:
37182:0:
29009:0:
37203:0:
12638:0:
198715:0:
37233:0:
43070:0:
29049:0:
37251:0:
37253:0:
29069:0:
20878:0:
12695:0:
31452:0:
37292:0:
12727:0:
29113:0:
37323:0:
20955:0:
20963:0:
37358:0:
29170:0:
13055:0:
37388:0:
4638:0:
21050:0:
37451:0:
12879:0:
37475:0:
21107:0:
37492:0:
4725:0:
12924:0:
37519:0:
29328:0:
4758:0:
4761:0:
4770:0:
12968:0:
37550:0:
21174:0:
21189:0:
12998:0:
201505:0:
4808:0:
36986:0:
4837:0:
37618:0:
62210:0:
62212:0:
21256:0:
29452:0:
21261:0:
37654:0:
24028:0:
13100:0:
13105:0:
13106:0:
45891:0:
37705:0:
45899:0:
45904:0:
57722:0:
21351:0:
29544:0:
1879:0:
13165:0:
29555:0:
32233:0:
21371:0:
29571:0:
29584:0:
29587:0:
29611:0:
29614:0:
62387:0:
21454:0:
21461:0:
13273:0:
13280:0:
29672:0:
29687:0:
201766:0:
13368:0:
35362:0:
50911:0:
46193:0:
51395:0:
37547:0:
49572:0:
201959:0:
50045:0:
5388:0:
5416:0:
21385:0:
13645:0:
21844:0:
5463:0:
38235:0:
7738:0:
39145:0:
202121:0:
5518:0:
5541:0:
5555:0:
5563:0:
5577:0:
5578:0:
58277:0:
202214:0:
50091:0:
38456:0:
38457:0:
30298:0:
15974:0:
22132:0:
22147:0:
38547:0:
38558:0:
199714:0:
22200:0:
46786:0:
62412:0:
14031:0:
14048:0:
54229:0:
197145:0:
30528:0:
13020:0:
5096:0:
14210:0:
38805:0:
36866:0:
38924:0:
6157:0:
55327:0:
30768:0:
47155:0:
38964:0:
6197:0:
30779:0:
30784:0:
49855:0:
39039:0:
39049:0:
16066:0:
30868:0:
47253:0:
9241:0:
55452:0:
30881:0:
30892:0:
12486:0:
47297:0:
30922:0:
39122:0:
30933:0:
6360:0:
39138:0:
47331:0:
30961:0:
47350:0:
55569:0:
6429:0:
39211:0:
17400:0:
6459:0:
31036:0:
39229:0:
14677:0:
10036:0:
22884:0:
31083:0:
39280:0:
3816:0:
47474:0:
39311:0:
43418:0:
55722:0:
31133:0:
51615:0:
55740:0:
31167:0:
22995:0:
12768:0:
39391:0:
31203:0:
47589:0:
47602:0:
6648:0:
31252:0:
6690:0:
6700:0:
47670:0:
58464:0:
47692:0:
47702:0:
47715:0:
31337:0:
23148:0:
6772:0:
21230:0:
31364:0:
6789:0:
31376:0:
31378:0:
6828:0:
31435:0:
39642:0:
56040:0:
31472:0:
57128:0:
56055:0:
23300:0:
197725:0:
39728:0:
6968:0:
39760:0:
47954:0:
47956:0:
39397:0:
7015:0:
47998:0:
39815:0:
48030:0:
31677:0:
37608:0:
16206:0:
48089:0:
31707:0:
23518:0:
47156:0:
39906:0:
23523:0:
56308:0:
23541:0:
48144:0:
48159:0:
2121:0:
15426:0:
61287:0:
15469:0:
56471:0:
56498:0:
15542:0:
23767:0:
31960:0:
15589:0:
56550:0:
56554:0:
9431:0:
56595:0:
15641:0:
15653:0:
23872:0:
48450:0:
48471:0:
15706:0:
15736:0:
48517:0:
23944:0:
48528:0:
56737:0:
28571:0:
48564:0:
15866:0:
48642:0:
56837:0:
48695:0:
48716:0:
15958:0:
15962:0:
56943:0:
24183:0:
15997:0:
48773:0:
32398:0:
48796:0:
57005:0:
48818:0:
199283:0:
16058:0:
57026:0:
16073:0:
48847:0:
48872:0:
16126:0:
24323:0:
16135:0:
57099:0:
48915:0:
48936:0:
16178:0:
16232:0:
8048:0:
16243:0:
9328:0:
51860:0:
57228:0:
49136:0:
34119:0:
16300:0:
11727:0:
35489:0:
49103:0:
49109:0:
49115:0:
57309:0:
57315:0:
49129:0:
24006:1:22734
1610:1:19446
3599:1:10418
7377:1:331
2850:1:420
57821:1:2359
47975:1:19612
25003:1:4106
43503:1:3919
20912:1:713
